value,source,target
10982.67,Pedestrian road injuries by road vehicle,Amputation of both lower limbs
273.8969,Non-venomous animal contact,Amputation of both lower limbs
1026.542,"Fire, heat, and hot substances",Amputation of both lower limbs
1399.65,Drowning,Amputation of both lower limbs
245.5864,Other road injuries,Amputation of both lower limbs
5026.496,Motor vehicle road injuries,Amputation of both lower limbs
13212.83,Collective violence and legal intervention,Amputation of both lower limbs
2512.593,Other unintentional injuries,Amputation of both lower limbs
14.57707,Unintentional firearm injuries,Amputation of both lower limbs
6666.312,Other exposure to mechanical forces,Amputation of both lower limbs
181.4235,Cyclist road injuries,Amputation of both lower limbs
307222.8,Other transport injuries,Amputation of both lower limbs
14.45654,Unintentional suffocation,Amputation of both lower limbs
2722.68,Motorcyclist road injuries,Amputation of both lower limbs
25.13778,Venomous animal contact,Amputation of both lower limbs
0.0322978,Assault by sharp object,Amputation of both lower limbs
2049.898,Self-harm,Amputation of both lower limbs
0.0324959,Assault by firearm,Amputation of both lower limbs
198.12,Assault by other means,Amputation of both lower limbs
3857.236,Falls,Amputation of both lower limbs
1.344855,Venomous animal contact,Lower airway burns
33.40767,Foreign body in other body part,Lower airway burns
683.0704,"Fire, heat, and hot substances",Lower airway burns
1.101233,Assault by firearm,Lower airway burns
72.7359,Other transport injuries,Lower airway burns
12.88514,Exposure to forces of nature,Lower airway burns
1.40058,Assault by sharp object,Lower airway burns
9.530415,Assault by other means,Lower airway burns
7.684669,Pulmonary aspiration and foreign body in airway,Lower airway burns
0.6349086,Non-venomous animal contact,Lower airway burns
2.468618,Cyclist road injuries,Lower airway burns
28.03452,Self-harm,Lower airway burns
3.447106,Drowning,Lower airway burns
1.003852,Unintentional firearm injuries,Lower airway burns
38.20311,Other unintentional injuries,Lower airway burns
52.29617,Falls,Lower airway burns
2.543628,Motorcyclist road injuries,Lower airway burns
8.267235,Motor vehicle road injuries,Lower airway burns
7.855485,Pedestrian road injuries by road vehicle,Lower airway burns
29.05181,Other exposure to mechanical forces,Lower airway burns
35.8786,Poisonings,Lower airway burns
1.052764,Foreign body in eyes,Lower airway burns
115142.6,"Fire, heat, and hot substances",Dislocation of hip
399413.6,Pedestrian road injuries by road vehicle,Dislocation of hip
2425952,Falls,Dislocation of hip
1190992,Collective violence and legal intervention,Dislocation of hip
12409.25,Assault by sharp object,Dislocation of hip
1058.586,Foreign body in eyes,Dislocation of hip
347103.9,Other exposure to mechanical forces,Dislocation of hip
43270.11,Drowning,Dislocation of hip
40643.13,Unintentional suffocation,Dislocation of hip
70412.9,Cyclist road injuries,Dislocation of hip
45013.25,Assault by other means,Dislocation of hip
13253.97,Other road injuries,Dislocation of hip
3721.589,Assault by firearm,Dislocation of hip
2229817,Other unintentional injuries,Dislocation of hip
85762.01,Exposure to forces of nature,Dislocation of hip
30373.31,Non-venomous animal contact,Dislocation of hip
1327450,Motor vehicle road injuries,Dislocation of hip
352368.9,Other transport injuries,Dislocation of hip
3327.099,Pulmonary aspiration and foreign body in airway,Dislocation of hip
7107.384,Unintentional firearm injuries,Dislocation of hip
1844.105,Foreign body in other body part,Dislocation of hip
1767.546,Poisonings,Dislocation of hip
9226.78,Self-harm,Dislocation of hip
11128.53,Venomous animal contact,Dislocation of hip
394972.5,Motorcyclist road injuries,Dislocation of hip
5052.07,Drowning,Dislocation of knee
4499.467,Non-venomous animal contact,Dislocation of knee
4035.589,"Fire, heat, and hot substances",Dislocation of knee
8242.24,Motor vehicle road injuries,Dislocation of knee
2218.998,Pulmonary aspiration and foreign body in airway,Dislocation of knee
384.4124,Self-harm,Dislocation of knee
170695.7,Falls,Dislocation of knee
8909.047,Collective violence and legal intervention,Dislocation of knee
1661.672,Exposure to forces of nature,Dislocation of knee
84.47226,Foreign body in other body part,Dislocation of knee
449.712,Poisonings,Dislocation of knee
316.846,Other road injuries,Dislocation of knee
326.1069,Foreign body in eyes,Dislocation of knee
1235.593,Assault by other means,Dislocation of knee
0.5532326,Unintentional suffocation,Dislocation of knee
553.6349,Assault by sharp object,Dislocation of knee
24355.42,Other transport injuries,Dislocation of knee
513.7554,Unintentional firearm injuries,Dislocation of knee
21438.23,Other exposure to mechanical forces,Dislocation of knee
486.5914,Assault by firearm,Dislocation of knee
42750.5,Other unintentional injuries,Dislocation of knee
711.5309,Venomous animal contact,Dislocation of knee
3241.418,Cyclist road injuries,Dislocation of knee
15177.95,Motorcyclist road injuries,Dislocation of knee
17979.2,Pedestrian road injuries by road vehicle,Dislocation of knee
26355.49,Other transport injuries,Dislocation of shoulder
18582.74,Motorcyclist road injuries,Dislocation of shoulder
293.7744,Self-harm,Dislocation of shoulder
238238.9,Falls,Dislocation of shoulder
2315.161,Drowning,Dislocation of shoulder
3001.948,Non-venomous animal contact,Dislocation of shoulder
272.6186,Venomous animal contact,Dislocation of shoulder
793.2176,Exposure to forces of nature,Dislocation of shoulder
607.6074,Unintentional firearm injuries,Dislocation of shoulder
14.59888,Foreign body in other body part,Dislocation of shoulder
152646.7,Other unintentional injuries,Dislocation of shoulder
5.780016,Foreign body in eyes,Dislocation of shoulder
38.15347,Assault by firearm,Dislocation of shoulder
351.3253,Pulmonary aspiration and foreign body in airway,Dislocation of shoulder
200.3622,Poisonings,Dislocation of shoulder
2179.805,Unintentional suffocation,Dislocation of shoulder
57044.61,Other exposure to mechanical forces,Dislocation of shoulder
18889.3,Cyclist road injuries,Dislocation of shoulder
36204.73,Collective violence and legal intervention,Dislocation of shoulder
864.2488,Other road injuries,Dislocation of shoulder
15987.59,Pedestrian road injuries by road vehicle,Dislocation of shoulder
1584.27,"Fire, heat, and hot substances",Dislocation of shoulder
7564.013,Assault by other means,Dislocation of shoulder
14915.86,Motor vehicle road injuries,Dislocation of shoulder
315.0743,Assault by sharp object,Dislocation of shoulder
184029.9,Venomous animal contact,Other injuries of muscle & tendon and other dislocations
709404.2,Drowning,Other injuries of muscle & tendon and other dislocations
573557.7,Self-harm,Other injuries of muscle & tendon and other dislocations
1457361,Other transport injuries,Other injuries of muscle & tendon and other dislocations
60553.49,Poisonings,Other injuries of muscle & tendon and other dislocations
74247.18,Unintentional suffocation,Other injuries of muscle & tendon and other dislocations
3274138,Pedestrian road injuries by road vehicle,Other injuries of muscle & tendon and other dislocations
936735.9,Cyclist road injuries,Other injuries of muscle & tendon and other dislocations
3351924,Motorcyclist road injuries,Other injuries of muscle & tendon and other dislocations
5139305,Motor vehicle road injuries,Other injuries of muscle & tendon and other dislocations
2858821,Non-venomous animal contact,Other injuries of muscle & tendon and other dislocations
449647.3,Foreign body in other body part,Other injuries of muscle & tendon and other dislocations
746230.6,Exposure to forces of nature,Other injuries of muscle & tendon and other dislocations
139065.2,Assault by firearm,Other injuries of muscle & tendon and other dislocations
3.05E+07,Other exposure to mechanical forces,Other injuries of muscle & tendon and other dislocations
3198737,"Fire, heat, and hot substances",Other injuries of muscle & tendon and other dislocations
2.81E+07,Falls,Other injuries of muscle & tendon and other dislocations
30324.44,Foreign body in eyes,Other injuries of muscle & tendon and other dislocations
8006292,Other unintentional injuries,Other injuries of muscle & tendon and other dislocations
248370.1,Pulmonary aspiration and foreign body in airway,Other injuries of muscle & tendon and other dislocations
237188.4,Unintentional firearm injuries,Other injuries of muscle & tendon and other dislocations
139100,Other road injuries,Other injuries of muscle & tendon and other dislocations
723588.6,Assault by sharp object,Other injuries of muscle & tendon and other dislocations
4082713,Collective violence and legal intervention,Other injuries of muscle & tendon and other dislocations
739833.6,Assault by other means,Other injuries of muscle & tendon and other dislocations
240192.3,Other unintentional injuries,"Fracture of clavicle, scapula, or humerus"
480276.8,Motor vehicle road injuries,"Fracture of clavicle, scapula, or humerus"
161754.1,Collective violence and legal intervention,"Fracture of clavicle, scapula, or humerus"
11100.01,Venomous animal contact,"Fracture of clavicle, scapula, or humerus"
5272.223,Unintentional suffocation,"Fracture of clavicle, scapula, or humerus"
54443.18,Assault by other means,"Fracture of clavicle, scapula, or humerus"
19024.79,Non-venomous animal contact,"Fracture of clavicle, scapula, or humerus"
35785.71,Other road injuries,"Fracture of clavicle, scapula, or humerus"
68646.72,Drowning,"Fracture of clavicle, scapula, or humerus"
21008.2,Assault by sharp object,"Fracture of clavicle, scapula, or humerus"
599.4122,Foreign body in eyes,"Fracture of clavicle, scapula, or humerus"
330244.1,Pedestrian road injuries by road vehicle,"Fracture of clavicle, scapula, or humerus"
14937.8,Assault by firearm,"Fracture of clavicle, scapula, or humerus"
41928.27,"Fire, heat, and hot substances","Fracture of clavicle, scapula, or humerus"
3803483,Falls,"Fracture of clavicle, scapula, or humerus"
1447.051,Foreign body in other body part,"Fracture of clavicle, scapula, or humerus"
17712.86,Unintentional firearm injuries,"Fracture of clavicle, scapula, or humerus"
506030.4,Other exposure to mechanical forces,"Fracture of clavicle, scapula, or humerus"
159221.9,Other transport injuries,"Fracture of clavicle, scapula, or humerus"
7886.591,Pulmonary aspiration and foreign body in airway,"Fracture of clavicle, scapula, or humerus"
22093.7,Exposure to forces of nature,"Fracture of clavicle, scapula, or humerus"
2965.475,Poisonings,"Fracture of clavicle, scapula, or humerus"
354319.8,Motorcyclist road injuries,"Fracture of clavicle, scapula, or humerus"
10075.19,Self-harm,"Fracture of clavicle, scapula, or humerus"
255861.2,Cyclist road injuries,"Fracture of clavicle, scapula, or humerus"
104067,Motorcyclist road injuries,Fracture of face bone
84279.56,Other transport injuries,Fracture of face bone
4420.688,Self-harm,Fracture of face bone
4767.672,Exposure to forces of nature,Fracture of face bone
43373.63,Cyclist road injuries,Fracture of face bone
12301.6,Assault by firearm,Fracture of face bone
69855.23,Other unintentional injuries,Fracture of face bone
516.1335,Foreign body in eyes,Fracture of face bone
140767.2,Assault by other means,Fracture of face bone
369695,Falls,Fracture of face bone
741.5532,Poisonings,Fracture of face bone
1443.395,Unintentional suffocation,Fracture of face bone
105097.3,Motor vehicle road injuries,Fracture of face bone
12851.11,Non-venomous animal contact,Fracture of face bone
1905.689,Other road injuries,Fracture of face bone
5829.005,Unintentional firearm injuries,Fracture of face bone
6513.194,Assault by sharp object,Fracture of face bone
2418.97,Venomous animal contact,Fracture of face bone
1689.283,Pulmonary aspiration and foreign body in airway,Fracture of face bone
2130.515,Foreign body in other body part,Fracture of face bone
63448.15,Pedestrian road injuries by road vehicle,Fracture of face bone
297921.4,Other exposure to mechanical forces,Fracture of face bone
6864.761,Drowning,Fracture of face bone
185090.4,Collective violence and legal intervention,Fracture of face bone
16331.87,"Fire, heat, and hot substances",Fracture of face bone
276966.6,Drowning,Fracture of foot bone
177547.5,"Fire, heat, and hot substances",Fracture of foot bone
35996.82,Venomous animal contact,Fracture of foot bone
32381.81,Other road injuries,Fracture of foot bone
884076.7,Motor vehicle road injuries,Fracture of foot bone
7460022,Falls,Fracture of foot bone
4779.008,Unintentional suffocation,Fracture of foot bone
69231.51,Exposure to forces of nature,Fracture of foot bone
181725.2,Cyclist road injuries,Fracture of foot bone
93873.55,Self-harm,Fracture of foot bone
46435.15,Assault by sharp object,Fracture of foot bone
2259955,Other exposure to mechanical forces,Fracture of foot bone
99404.2,Assault by other means,Fracture of foot bone
34235.35,Pulmonary aspiration and foreign body in airway,Fracture of foot bone
1024782,Pedestrian road injuries by road vehicle,Fracture of foot bone
436295.2,Collective violence and legal intervention,Fracture of foot bone
13175.59,Foreign body in eyes,Fracture of foot bone
549595.7,Other transport injuries,Fracture of foot bone
562085.3,Other unintentional injuries,Fracture of foot bone
19537.57,Foreign body in other body part,Fracture of foot bone
83148.7,Non-venomous animal contact,Fracture of foot bone
10207.49,Poisonings,Fracture of foot bone
1371683,Motorcyclist road injuries,Fracture of foot bone
96704.84,Unintentional firearm injuries,Fracture of foot bone
72494.45,Assault by firearm,Fracture of foot bone
38568,Foreign body in other body part,Fracture of hand bone
386955.9,Cyclist road injuries,Fracture of hand bone
11137.71,Poisonings,Fracture of hand bone
327440.2,"Fire, heat, and hot substances",Fracture of hand bone
107733.4,Assault by sharp object,Fracture of hand bone
120817.2,Unintentional firearm injuries,Fracture of hand bone
90407.99,Assault by firearm,Fracture of hand bone
170169.5,Exposure to forces of nature,Fracture of hand bone
185141.6,Self-harm,Fracture of hand bone
4058.012,Foreign body in eyes,Fracture of hand bone
83697.13,Venomous animal contact,Fracture of hand bone
225227.3,Drowning,Fracture of hand bone
5957133,Other exposure to mechanical forces,Fracture of hand bone
7447205,Falls,Fracture of hand bone
462196.6,Other transport injuries,Fracture of hand bone
765821.2,Motor vehicle road injuries,Fracture of hand bone
199785.8,Non-venomous animal contact,Fracture of hand bone
829646.5,Pedestrian road injuries by road vehicle,Fracture of hand bone
323440.6,Assault by other means,Fracture of hand bone
783635.2,Collective violence and legal intervention,Fracture of hand bone
924452.9,Other unintentional injuries,Fracture of hand bone
37131.98,Other road injuries,Fracture of hand bone
4959.973,Unintentional suffocation,Fracture of hand bone
42562.01,Pulmonary aspiration and foreign body in airway,Fracture of hand bone
1011283,Motorcyclist road injuries,Fracture of hand bone
10632.23,Foreign body in eyes,Fracture of neck of femur
188892.1,Assault by other means,Fracture of neck of femur
1683571,Motor vehicle road injuries,Fracture of neck of femur
43075.61,Non-venomous animal contact,Fracture of neck of femur
9304.633,Poisonings,Fracture of neck of femur
91238.23,"Fire, heat, and hot substances",Fracture of neck of femur
15756.92,Venomous animal contact,Fracture of neck of femur
802438.4,Other transport injuries,Fracture of neck of femur
922710,Other exposure to mechanical forces,Fracture of neck of femur
2.02E+07,Falls,Fracture of neck of femur
1064105,Pedestrian road injuries by road vehicle,Fracture of neck of femur
622811.4,Motorcyclist road injuries,Fracture of neck of femur
947161.9,Other unintentional injuries,Fracture of neck of femur
18324.81,Assault by sharp object,Fracture of neck of femur
75381.2,Pulmonary aspiration and foreign body in airway,Fracture of neck of femur
51005.66,Unintentional suffocation,Fracture of neck of femur
32001.51,Assault by firearm,Fracture of neck of femur
89815.48,Foreign body in other body part,Fracture of neck of femur
5738945,Collective violence and legal intervention,Fracture of neck of femur
77797.23,Other road injuries,Fracture of neck of femur
40606.34,Self-harm,Fracture of neck of femur
400034.9,Drowning,Fracture of neck of femur
74397.12,Unintentional firearm injuries,Fracture of neck of femur
619618.8,Cyclist road injuries,Fracture of neck of femur
137003.8,Exposure to forces of nature,Fracture of neck of femur
63519.02,Other unintentional injuries,Amputation of both upper limbs
1440.575,Drowning,Amputation of both upper limbs
4693.869,Non-venomous animal contact,Amputation of both upper limbs
38019.22,Pedestrian road injuries by road vehicle,Amputation of both upper limbs
4635.67,Assault by other means,Amputation of both upper limbs
23932.23,Assault by sharp object,Amputation of both upper limbs
30208.86,"Fire, heat, and hot substances",Amputation of both upper limbs
215577.9,Collective violence and legal intervention,Amputation of both upper limbs
1678.849,Assault by firearm,Amputation of both upper limbs
120427.7,Other transport injuries,Amputation of both upper limbs
3266.094,Cyclist road injuries,Amputation of both upper limbs
116344.1,Falls,Amputation of both upper limbs
131.3697,Unintentional suffocation,Amputation of both upper limbs
2053.377,Venomous animal contact,Amputation of both upper limbs
7754.701,Motorcyclist road injuries,Amputation of both upper limbs
28832.99,Self-harm,Amputation of both upper limbs
11464.12,Exposure to forces of nature,Amputation of both upper limbs
423.2065,Foreign body in other body part,Amputation of both upper limbs
261616.6,Other exposure to mechanical forces,Amputation of both upper limbs
320.2378,Poisonings,Amputation of both upper limbs
46393.19,Unintentional firearm injuries,Amputation of both upper limbs
424.7044,Foreign body in eyes,Amputation of both upper limbs
632.4457,Other road injuries,Amputation of both upper limbs
34418.66,Motor vehicle road injuries,Amputation of both upper limbs
432.565,Pulmonary aspiration and foreign body in airway,Amputation of both upper limbs
161939.5,Venomous animal contact,"Fracture of patella, tibia, fibula, or ankle"
522750.6,Assault by firearm,"Fracture of patella, tibia, fibula, or ankle"
481247.5,Other road injuries,"Fracture of patella, tibia, fibula, or ankle"
313053.3,Unintentional suffocation,"Fracture of patella, tibia, fibula, or ankle"
24052.22,Foreign body in eyes,"Fracture of patella, tibia, fibula, or ankle"
2.00E+07,Motor vehicle road injuries,"Fracture of patella, tibia, fibula, or ankle"
108996.1,Pulmonary aspiration and foreign body in airway,"Fracture of patella, tibia, fibula, or ankle"
8.36E+07,Falls,"Fracture of patella, tibia, fibula, or ankle"
284614.3,Self-harm,"Fracture of patella, tibia, fibula, or ankle"
1.11E+07,Pedestrian road injuries by road vehicle,"Fracture of patella, tibia, fibula, or ankle"
905023.8,Non-venomous animal contact,"Fracture of patella, tibia, fibula, or ankle"
1.74E+07,Other unintentional injuries,"Fracture of patella, tibia, fibula, or ankle"
482852.7,Unintentional firearm injuries,"Fracture of patella, tibia, fibula, or ankle"
165281.9,Assault by sharp object,"Fracture of patella, tibia, fibula, or ankle"
666250.6,"Fire, heat, and hot substances","Fracture of patella, tibia, fibula, or ankle"
5100311,Cyclist road injuries,"Fracture of patella, tibia, fibula, or ankle"
9582642,Motorcyclist road injuries,"Fracture of patella, tibia, fibula, or ankle"
1.90E+07,Other exposure to mechanical forces,"Fracture of patella, tibia, fibula, or ankle"
4785013,Collective violence and legal intervention,"Fracture of patella, tibia, fibula, or ankle"
737046.5,Exposure to forces of nature,"Fracture of patella, tibia, fibula, or ankle"
70327.53,Poisonings,"Fracture of patella, tibia, fibula, or ankle"
1159007,Assault by other means,"Fracture of patella, tibia, fibula, or ankle"
987094.5,Drowning,"Fracture of patella, tibia, fibula, or ankle"
9501096,Other transport injuries,"Fracture of patella, tibia, fibula, or ankle"
85605.17,Foreign body in other body part,"Fracture of patella, tibia, fibula, or ankle"
44272.79,Exposure to forces of nature,Fracture of pelvis
2325.773,Poisonings,Fracture of pelvis
481617.3,Other unintentional injuries,Fracture of pelvis
9978.051,Self-harm,Fracture of pelvis
24371.65,Drowning,Fracture of pelvis
539664.9,Pedestrian road injuries by road vehicle,Fracture of pelvis
15426.4,Other road injuries,Fracture of pelvis
2722.215,Pulmonary aspiration and foreign body in airway,Fracture of pelvis
1072391,Motor vehicle road injuries,Fracture of pelvis
273405.6,Motorcyclist road injuries,Fracture of pelvis
2409581,Falls,Fracture of pelvis
108620.1,Cyclist road injuries,Fracture of pelvis
6393.07,Assault by sharp object,Fracture of pelvis
5616.327,Unintentional suffocation,Fracture of pelvis
9280.127,Venomous animal contact,Fracture of pelvis
16911.57,Non-venomous animal contact,Fracture of pelvis
1384.68,Foreign body in eyes,Fracture of pelvis
29343.41,"Fire, heat, and hot substances",Fracture of pelvis
681574.3,Other exposure to mechanical forces,Fracture of pelvis
40349.44,Assault by other means,Fracture of pelvis
1946.577,Foreign body in other body part,Fracture of pelvis
275374,Collective violence and legal intervention,Fracture of pelvis
28708.88,Assault by firearm,Fracture of pelvis
548712,Other transport injuries,Fracture of pelvis
23455.65,Unintentional firearm injuries,Fracture of pelvis
13222.86,Self-harm,Fracture of radius or ulna
4895.515,Unintentional suffocation,Fracture of radius or ulna
814.2997,Foreign body in eyes,Fracture of radius or ulna
237876.5,Motor vehicle road injuries,Fracture of radius or ulna
170784.1,Cyclist road injuries,Fracture of radius or ulna
11392.49,Assault by firearm,Fracture of radius or ulna
41236.85,"Fire, heat, and hot substances",Fracture of radius or ulna
49391.21,Assault by other means,Fracture of radius or ulna
14433.59,Assault by sharp object,Fracture of radius or ulna
56264,Collective violence and legal intervention,Fracture of radius or ulna
140906.8,Other unintentional injuries,Fracture of radius or ulna
161930.1,Other transport injuries,Fracture of radius or ulna
14249.42,Venomous animal contact,Fracture of radius or ulna
9319.399,Pulmonary aspiration and foreign body in airway,Fracture of radius or ulna
11467.47,Unintentional firearm injuries,Fracture of radius or ulna
183255.5,Pedestrian road injuries by road vehicle,Fracture of radius or ulna
25299.46,Other road injuries,Fracture of radius or ulna
3760.343,Poisonings,Fracture of radius or ulna
2770.427,Foreign body in other body part,Fracture of radius or ulna
20540.11,Non-venomous animal contact,Fracture of radius or ulna
3104083,Falls,Fracture of radius or ulna
224159,Motorcyclist road injuries,Fracture of radius or ulna
40856.83,Drowning,Fracture of radius or ulna
26349.71,Exposure to forces of nature,Fracture of radius or ulna
398441.3,Other exposure to mechanical forces,Fracture of radius or ulna
85988.77,Assault by firearm,Fracture of skull
431137.3,Assault by other means,Fracture of skull
4707.472,Foreign body in eyes,Fracture of skull
2103.095,Poisonings,Fracture of skull
1772.807,Drowning,Fracture of skull
30829.9,Unintentional suffocation,Fracture of skull
26506.54,Foreign body in other body part,Fracture of skull
375806,Other unintentional injuries,Fracture of skull
756536.8,Other transport injuries,Fracture of skull
37198.2,Non-venomous animal contact,Fracture of skull
98029.28,Assault by sharp object,Fracture of skull
1052147,Pedestrian road injuries by road vehicle,Fracture of skull
23990.55,"Fire, heat, and hot substances",Fracture of skull
1039424,Motor vehicle road injuries,Fracture of skull
1332738,Other exposure to mechanical forces,Fracture of skull
22906.84,Self-harm,Fracture of skull
3178115,Falls,Fracture of skull
678994.9,Motorcyclist road injuries,Fracture of skull
6090.043,Venomous animal contact,Fracture of skull
27828.18,Unintentional firearm injuries,Fracture of skull
1480370,Collective violence and legal intervention,Fracture of skull
174956.7,Cyclist road injuries,Fracture of skull
6648.402,Exposure to forces of nature,Fracture of skull
2406.272,Pulmonary aspiration and foreign body in airway,Fracture of skull
17806.05,Other road injuries,Fracture of skull
295.5662,Poisonings,Fracture of sternum or rib(s)
2176.781,Assault by sharp object,Fracture of sternum or rib(s)
28838.61,Pedestrian road injuries by road vehicle,Fracture of sternum or rib(s)
678409.6,Falls,Fracture of sternum or rib(s)
878.0498,Drowning,Fracture of sternum or rib(s)
157795.5,Other exposure to mechanical forces,Fracture of sternum or rib(s)
11642.4,Non-venomous animal contact,Fracture of sternum or rib(s)
1312.292,Unintentional suffocation,Fracture of sternum or rib(s)
1243423,Other transport injuries,Fracture of sternum or rib(s)
40508.86,Motorcyclist road injuries,Fracture of sternum or rib(s)
381.4197,Pulmonary aspiration and foreign body in airway,Fracture of sternum or rib(s)
275027.7,Motor vehicle road injuries,Fracture of sternum or rib(s)
49.50105,Foreign body in eyes,Fracture of sternum or rib(s)
515.3952,Self-harm,Fracture of sternum or rib(s)
47640.2,Assault by other means,Fracture of sternum or rib(s)
116496.6,Other unintentional injuries,Fracture of sternum or rib(s)
106.7946,Exposure to forces of nature,Fracture of sternum or rib(s)
2054.524,Unintentional firearm injuries,Fracture of sternum or rib(s)
83840.6,Cyclist road injuries,Fracture of sternum or rib(s)
4258.09,Other road injuries,Fracture of sternum or rib(s)
39.1668,Foreign body in other body part,Fracture of sternum or rib(s)
71.19823,Venomous animal contact,Fracture of sternum or rib(s)
134.9711,Assault by firearm,Fracture of sternum or rib(s)
1329.69,"Fire, heat, and hot substances",Fracture of sternum or rib(s)
347654.4,Collective violence and legal intervention,Fracture of sternum or rib(s)
4708.223,Poisonings,Fracture of vertebral column
273688.3,Exposure to forces of nature,Fracture of vertebral column
4091.401,Venomous animal contact,Fracture of vertebral column
86117.63,Unintentional firearm injuries,Fracture of vertebral column
1371313,Collective violence and legal intervention,Fracture of vertebral column
13942.98,Foreign body in other body part,Fracture of vertebral column
1227208,Other transport injuries,Fracture of vertebral column
1414755,Cyclist road injuries,Fracture of vertebral column
2970.917,Foreign body in eyes,Fracture of vertebral column
35516.18,Other road injuries,Fracture of vertebral column
168763.5,Assault by firearm,Fracture of vertebral column
2502134,Motor vehicle road injuries,Fracture of vertebral column
85793.52,"Fire, heat, and hot substances",Fracture of vertebral column
1815101,Pedestrian road injuries by road vehicle,Fracture of vertebral column
32514.56,Assault by sharp object,Fracture of vertebral column
242141.5,Assault by other means,Fracture of vertebral column
3053714,Other exposure to mechanical forces,Fracture of vertebral column
538904.6,Motorcyclist road injuries,Fracture of vertebral column
6669251,Other unintentional injuries,Fracture of vertebral column
79784.13,Unintentional suffocation,Fracture of vertebral column
1.43E+07,Falls,Fracture of vertebral column
34948.98,Drowning,Fracture of vertebral column
10031.91,Pulmonary aspiration and foreign body in airway,Fracture of vertebral column
35286.85,Self-harm,Fracture of vertebral column
54654.86,Non-venomous animal contact,Fracture of vertebral column
1350674,Other unintentional injuries,"Fracture of femur, other than femoral neck"
53700.4,Pulmonary aspiration and foreign body in airway,"Fracture of femur, other than femoral neck"
177109.5,Non-venomous animal contact,"Fracture of femur, other than femoral neck"
1113089,Other transport injuries,"Fracture of femur, other than femoral neck"
3328736,Other exposure to mechanical forces,"Fracture of femur, other than femoral neck"
1.68E+07,Falls,"Fracture of femur, other than femoral neck"
209891.6,Assault by firearm,"Fracture of femur, other than femoral neck"
82167.54,Self-harm,"Fracture of femur, other than femoral neck"
857734.3,Collective violence and legal intervention,"Fracture of femur, other than femoral neck"
222756.2,Unintentional firearm injuries,"Fracture of femur, other than femoral neck"
14445.43,Poisonings,"Fracture of femur, other than femoral neck"
3305702,Motorcyclist road injuries,"Fracture of femur, other than femoral neck"
105705.9,Other road injuries,"Fracture of femur, other than femoral neck"
31963.5,Unintentional suffocation,"Fracture of femur, other than femoral neck"
367562.1,Assault by other means,"Fracture of femur, other than femoral neck"
13172.38,Foreign body in eyes,"Fracture of femur, other than femoral neck"
308866.2,"Fire, heat, and hot substances","Fracture of femur, other than femoral neck"
40088.82,Venomous animal contact,"Fracture of femur, other than femoral neck"
37309.02,Foreign body in other body part,"Fracture of femur, other than femoral neck"
3976026,Pedestrian road injuries by road vehicle,"Fracture of femur, other than femoral neck"
5761312,Motor vehicle road injuries,"Fracture of femur, other than femoral neck"
79038.05,Assault by sharp object,"Fracture of femur, other than femoral neck"
466167.1,Drowning,"Fracture of femur, other than femoral neck"
642977.4,Cyclist road injuries,"Fracture of femur, other than femoral neck"
173058.7,Exposure to forces of nature,"Fracture of femur, other than femoral neck"
3186.011,Unintentional suffocation,Minor traumatic brain injury
3859.668,Foreign body in other body part,Minor traumatic brain injury
166023.4,Other transport injuries,Minor traumatic brain injury
214319.5,Motorcyclist road injuries,Minor traumatic brain injury
179125.4,Other unintentional injuries,Minor traumatic brain injury
5594.434,Unintentional firearm injuries,Minor traumatic brain injury
32277.72,"Fire, heat, and hot substances",Minor traumatic brain injury
18936.03,Assault by sharp object,Minor traumatic brain injury
6229.567,Venomous animal contact,Minor traumatic brain injury
795663.6,Other exposure to mechanical forces,Minor traumatic brain injury
264768.9,Assault by other means,Minor traumatic brain injury
26569.76,Non-venomous animal contact,Minor traumatic brain injury
221895,Cyclist road injuries,Minor traumatic brain injury
334344.4,Pedestrian road injuries by road vehicle,Minor traumatic brain injury
309414.6,Collective violence and legal intervention,Minor traumatic brain injury
2599.298,Foreign body in eyes,Minor traumatic brain injury
30880.35,Assault by firearm,Minor traumatic brain injury
4206.844,Poisonings,Minor traumatic brain injury
707895.9,Motor vehicle road injuries,Minor traumatic brain injury
1977862,Falls,Minor traumatic brain injury
12742.08,Self-harm,Minor traumatic brain injury
13263.31,Other road injuries,Minor traumatic brain injury
19962.7,Drowning,Minor traumatic brain injury
4862.848,Pulmonary aspiration and foreign body in airway,Minor traumatic brain injury
30291.22,Exposure to forces of nature,Minor traumatic brain injury
463097.7,Collective violence and legal intervention,Moderate to severe traumatic brain injury
28719.02,Unintentional firearm injuries,Moderate to severe traumatic brain injury
389368.5,Cyclist road injuries,Moderate to severe traumatic brain injury
13757.34,Unintentional suffocation,Moderate to severe traumatic brain injury
8445.509,Foreign body in other body part,Moderate to severe traumatic brain injury
455541.8,Other exposure to mechanical forces,Moderate to severe traumatic brain injury
1093931,Pedestrian road injuries by road vehicle,Moderate to severe traumatic brain injury
62351.27,Drowning,Moderate to severe traumatic brain injury
32047.29,Assault by firearm,Moderate to severe traumatic brain injury
49911.47,Other road injuries,Moderate to severe traumatic brain injury
270809.6,Assault by other means,Moderate to severe traumatic brain injury
35850.46,Assault by sharp object,Moderate to severe traumatic brain injury
15867.13,Venomous animal contact,Moderate to severe traumatic brain injury
88597.46,"Fire, heat, and hot substances",Moderate to severe traumatic brain injury
7118.795,Pulmonary aspiration and foreign body in airway,Moderate to severe traumatic brain injury
805637.9,Motorcyclist road injuries,Moderate to severe traumatic brain injury
7492.548,Poisonings,Moderate to severe traumatic brain injury
322648.8,Other transport injuries,Moderate to severe traumatic brain injury
5783853,Falls,Moderate to severe traumatic brain injury
215256.3,Other unintentional injuries,Moderate to severe traumatic brain injury
52891.43,Self-harm,Moderate to severe traumatic brain injury
87914.47,Exposure to forces of nature,Moderate to severe traumatic brain injury
4890.447,Foreign body in eyes,Moderate to severe traumatic brain injury
1607549,Motor vehicle road injuries,Moderate to severe traumatic brain injury
60584.8,Non-venomous animal contact,Moderate to severe traumatic brain injury
143955.6,Assault by other means,Amputation of finger (excluding thumb)
150737.8,Self-harm,Amputation of finger (excluding thumb)
169017.6,Exposure to forces of nature,Amputation of finger (excluding thumb)
11779.39,Unintentional suffocation,Amputation of finger (excluding thumb)
26059.86,Unintentional firearm injuries,Amputation of finger (excluding thumb)
1488657,Falls,Amputation of finger (excluding thumb)
297937.6,Other transport injuries,Amputation of finger (excluding thumb)
429731.4,Pedestrian road injuries by road vehicle,Amputation of finger (excluding thumb)
106177.6,Cyclist road injuries,Amputation of finger (excluding thumb)
840.9078,Foreign body in eyes,Amputation of finger (excluding thumb)
591819.9,Other unintentional injuries,Amputation of finger (excluding thumb)
159402.1,Drowning,Amputation of finger (excluding thumb)
50584.82,Venomous animal contact,Amputation of finger (excluding thumb)
13506.25,Other road injuries,Amputation of finger (excluding thumb)
55845.55,Foreign body in other body part,Amputation of finger (excluding thumb)
39992.32,Pulmonary aspiration and foreign body in airway,Amputation of finger (excluding thumb)
694795.2,"Fire, heat, and hot substances",Amputation of finger (excluding thumb)
27439.89,Assault by firearm,Amputation of finger (excluding thumb)
187538.8,Non-venomous animal contact,Amputation of finger (excluding thumb)
89468.41,Assault by sharp object,Amputation of finger (excluding thumb)
5455689,Other exposure to mechanical forces,Amputation of finger (excluding thumb)
294627.6,Motorcyclist road injuries,Amputation of finger (excluding thumb)
279899.5,Motor vehicle road injuries,Amputation of finger (excluding thumb)
1063758,Collective violence and legal intervention,Amputation of finger (excluding thumb)
13725.2,Poisonings,Amputation of finger (excluding thumb)
10.07948,Motorcyclist road injuries,Foreign body in ear
39.25974,Falls,Foreign body in ear
11.6889,Pedestrian road injuries by road vehicle,Foreign body in ear
27.16523,Other unintentional injuries,Foreign body in ear
0.0268095,Unintentional suffocation,Foreign body in ear
0.699254,Exposure to forces of nature,Foreign body in ear
11.25208,Venomous animal contact,Foreign body in ear
0.5745672,Drowning,Foreign body in ear
17.43013,Non-venomous animal contact,Foreign body in ear
1.342833,Poisonings,Foreign body in ear
5.912067,Assault by sharp object,Foreign body in ear
7.297989,"Fire, heat, and hot substances",Foreign body in ear
3.234174,Unintentional firearm injuries,Foreign body in ear
34.34799,Foreign body in eyes,Foreign body in ear
6.354502,Pulmonary aspiration and foreign body in airway,Foreign body in ear
0.0773736,Cyclist road injuries,Foreign body in ear
22.75839,Self-harm,Foreign body in ear
27.88172,Other exposure to mechanical forces,Foreign body in ear
0.0773736,Other road injuries,Foreign body in ear
14.11298,Motor vehicle road injuries,Foreign body in ear
68.75808,Assault by other means,Foreign body in ear
0.4393839,Assault by firearm,Foreign body in ear
17490.06,Foreign body in other body part,Foreign body in ear
94.17909,Other transport injuries,Foreign body in ear
55.91338,Pedestrian road injuries by road vehicle,Foreign body in respiratory system
257.1065,Falls,Foreign body in respiratory system
272.7619,Other unintentional injuries,Foreign body in respiratory system
44.21381,Self-harm,Foreign body in respiratory system
56.53865,"Fire, heat, and hot substances",Foreign body in respiratory system
41.23742,Other exposure to mechanical forces,Foreign body in respiratory system
13.78805,Poisonings,Foreign body in respiratory system
31.98404,Venomous animal contact,Foreign body in respiratory system
82.56124,Drowning,Foreign body in respiratory system
36.73759,Motor vehicle road injuries,Foreign body in respiratory system
31.31427,Exposure to forces of nature,Foreign body in respiratory system
1.26896,Other road injuries,Foreign body in respiratory system
49.32046,Collective violence and legal intervention,Foreign body in respiratory system
18209.8,Pulmonary aspiration and foreign body in airway,Foreign body in respiratory system
4.744517,Unintentional firearm injuries,Foreign body in respiratory system
3749.787,Foreign body in other body part,Foreign body in respiratory system
2.872053,Cyclist road injuries,Foreign body in respiratory system
8.885111,Motorcyclist road injuries,Foreign body in respiratory system
119.8219,Unintentional suffocation,Foreign body in respiratory system
400.9048,Other transport injuries,Foreign body in respiratory system
28.10749,Foreign body in eyes,Foreign body in respiratory system
4.84374,Assault by firearm,Foreign body in respiratory system
73.78159,Assault by sharp object,Foreign body in respiratory system
12.18733,Non-venomous animal contact,Foreign body in respiratory system
523.4374,Assault by other means,Foreign body in respiratory system
2.056847,Cyclist road injuries,Foreign body in gastrointestinal or urogenital system
66489.25,Foreign body in other body part,Foreign body in gastrointestinal or urogenital system
16.32168,Motor vehicle road injuries,Foreign body in gastrointestinal or urogenital system
777.2009,Other transport injuries,Foreign body in gastrointestinal or urogenital system
5.752925,Unintentional firearm injuries,Foreign body in gastrointestinal or urogenital system
238.6901,Falls,Foreign body in gastrointestinal or urogenital system
1.234657,Other road injuries,Foreign body in gastrointestinal or urogenital system
3472.671,Pulmonary aspiration and foreign body in airway,Foreign body in gastrointestinal or urogenital system
18.61561,Poisonings,Foreign body in gastrointestinal or urogenital system
4.331228,Motorcyclist road injuries,Foreign body in gastrointestinal or urogenital system
23.33356,Venomous animal contact,Foreign body in gastrointestinal or urogenital system
49.51909,Assault by sharp object,Foreign body in gastrointestinal or urogenital system
188.3347,Self-harm,Foreign body in gastrointestinal or urogenital system
112.7897,Assault by other means,Foreign body in gastrointestinal or urogenital system
99.3741,Other exposure to mechanical forces,Foreign body in gastrointestinal or urogenital system
46.28628,Unintentional suffocation,Foreign body in gastrointestinal or urogenital system
58.8222,Drowning,Foreign body in gastrointestinal or urogenital system
1212.14,Foreign body in eyes,Foreign body in gastrointestinal or urogenital system
81.24714,"Fire, heat, and hot substances",Foreign body in gastrointestinal or urogenital system
10.08864,Assault by firearm,Foreign body in gastrointestinal or urogenital system
18.56706,Pedestrian road injuries by road vehicle,Foreign body in gastrointestinal or urogenital system
155.5295,Other unintentional injuries,Foreign body in gastrointestinal or urogenital system
13.02743,Exposure to forces of nature,Foreign body in gastrointestinal or urogenital system
379.5274,Collective violence and legal intervention,Foreign body in gastrointestinal or urogenital system
7.87713,Non-venomous animal contact,Foreign body in gastrointestinal or urogenital system
854881.1,Falls,Spinal cord lesion at neck level
1674.822,Venomous animal contact,Spinal cord lesion at neck level
24467.24,Unintentional firearm injuries,Spinal cord lesion at neck level
134534.8,Collective violence and legal intervention,Spinal cord lesion at neck level
100619.4,Motorcyclist road injuries,Spinal cord lesion at neck level
361443.6,Motor vehicle road injuries,Spinal cord lesion at neck level
49693.52,Other unintentional injuries,Spinal cord lesion at neck level
11271.07,Pulmonary aspiration and foreign body in airway,Spinal cord lesion at neck level
25145.15,Assault by other means,Spinal cord lesion at neck level
1816.723,Foreign body in eyes,Spinal cord lesion at neck level
3513.926,Foreign body in other body part,Spinal cord lesion at neck level
9033.224,Assault by sharp object,Spinal cord lesion at neck level
29026.48,Other transport injuries,Spinal cord lesion at neck level
5427.518,Non-venomous animal contact,Spinal cord lesion at neck level
17387.82,Assault by firearm,Spinal cord lesion at neck level
110191,Other exposure to mechanical forces,Spinal cord lesion at neck level
13604.4,Unintentional suffocation,Spinal cord lesion at neck level
48388.62,Cyclist road injuries,Spinal cord lesion at neck level
11924.39,Self-harm,Spinal cord lesion at neck level
5997.546,"Fire, heat, and hot substances",Spinal cord lesion at neck level
83225.66,Pedestrian road injuries by road vehicle,Spinal cord lesion at neck level
7348.784,Other road injuries,Spinal cord lesion at neck level
944.1481,Poisonings,Spinal cord lesion at neck level
12956.08,Exposure to forces of nature,Spinal cord lesion at neck level
42460.66,Drowning,Spinal cord lesion at neck level
840.9594,Poisonings,Spinal cord lesion below neck level
100766.1,Other transport injuries,Spinal cord lesion below neck level
10898.25,Foreign body in eyes,Spinal cord lesion below neck level
9494.356,"Fire, heat, and hot substances",Spinal cord lesion below neck level
77115.77,Other exposure to mechanical forces,Spinal cord lesion below neck level
66976.26,Pedestrian road injuries by road vehicle,Spinal cord lesion below neck level
6917.82,Other road injuries,Spinal cord lesion below neck level
26712.83,Assault by sharp object,Spinal cord lesion below neck level
25102.37,Unintentional firearm injuries,Spinal cord lesion below neck level
5534.087,Pulmonary aspiration and foreign body in airway,Spinal cord lesion below neck level
716747.5,Collective violence and legal intervention,Spinal cord lesion below neck level
2368.307,Venomous animal contact,Spinal cord lesion below neck level
988858.2,Falls,Spinal cord lesion below neck level
22344.17,Drowning,Spinal cord lesion below neck level
103604.3,Motorcyclist road injuries,Spinal cord lesion below neck level
42293.02,Other unintentional injuries,Spinal cord lesion below neck level
16176.01,Self-harm,Spinal cord lesion below neck level
2448.831,Non-venomous animal contact,Spinal cord lesion below neck level
314687.5,Motor vehicle road injuries,Spinal cord lesion below neck level
25153.51,Exposure to forces of nature,Spinal cord lesion below neck level
48466.95,Assault by other means,Spinal cord lesion below neck level
23993.21,Cyclist road injuries,Spinal cord lesion below neck level
5023.161,Foreign body in other body part,Spinal cord lesion below neck level
62856.55,Assault by firearm,Spinal cord lesion below neck level
644.9918,Assault by other means,Non-fatal submersion
61.80376,Motorcyclist road injuries,Non-fatal submersion
137.6038,Other exposure to mechanical forces,Non-fatal submersion
518.1623,Unintentional suffocation,Non-fatal submersion
790.0247,"Fire, heat, and hot substances",Non-fatal submersion
1422.043,Self-harm,Non-fatal submersion
27.50691,Other road injuries,Non-fatal submersion
340.9881,Motor vehicle road injuries,Non-fatal submersion
1010.076,Other unintentional injuries,Non-fatal submersion
18.75997,Assault by firearm,Non-fatal submersion
194.0506,Non-venomous animal contact,Non-fatal submersion
1640.12,Other transport injuries,Non-fatal submersion
1143.472,Exposure to forces of nature,Non-fatal submersion
5149.131,Collective violence and legal intervention,Non-fatal submersion
12.18389,Unintentional firearm injuries,Non-fatal submersion
1967.603,Pulmonary aspiration and foreign body in airway,Non-fatal submersion
157.637,Assault by sharp object,Non-fatal submersion
163.488,Foreign body in other body part,Non-fatal submersion
280.9436,Venomous animal contact,Non-fatal submersion
550.4319,Pedestrian road injuries by road vehicle,Non-fatal submersion
91.86432,Cyclist road injuries,Non-fatal submersion
145.4158,Poisonings,Non-fatal submersion
5966.105,Falls,Non-fatal submersion
190646,Drowning,Non-fatal submersion
0.3989035,Non-venomous animal contact,Asphyxiation
15.10155,Assault by other means,Asphyxiation
17.77912,"Fire, heat, and hot substances",Asphyxiation
53.2248,Pulmonary aspiration and foreign body in airway,Asphyxiation
37.22847,Drowning,Asphyxiation
1.696295,Cyclist road injuries,Asphyxiation
2.341691,Motorcyclist road injuries,Asphyxiation
360.5956,Unintentional suffocation,Asphyxiation
1.368468,Assault by sharp object,Asphyxiation
56.74439,Foreign body in other body part,Asphyxiation
14.49965,Falls,Asphyxiation
84.70718,Other unintentional injuries,Asphyxiation
20.9324,Collective violence and legal intervention,Asphyxiation
16.14306,Other exposure to mechanical forces,Asphyxiation
3.96906,Poisonings,Asphyxiation
195.7354,Self-harm,Asphyxiation
2.3669,Motor vehicle road injuries,Asphyxiation
30.3369,Other transport injuries,Asphyxiation
3.042484,Pedestrian road injuries by road vehicle,Asphyxiation
1.696295,Other road injuries,Asphyxiation
1.268755,Venomous animal contact,Asphyxiation
0.0004682,Assault by firearm,Asphyxiation
0.5310443,Exposure to forces of nature,Asphyxiation
2.343663,Unintentional firearm injuries,Asphyxiation
16013.66,"Fire, heat, and hot substances",Crush injury
13311.15,Cyclist road injuries,Crush injury
49011.1,Motorcyclist road injuries,Crush injury
111611.4,Other transport injuries,Crush injury
2055.532,Unintentional firearm injuries,Crush injury
243563,Falls,Crush injury
160.9023,Poisonings,Crush injury
1043.319,Pulmonary aspiration and foreign body in airway,Crush injury
7512.039,Self-harm,Crush injury
527.351,Foreign body in other body part,Crush injury
6086.789,Assault by sharp object,Crush injury
1544.53,Unintentional suffocation,Crush injury
305756.2,Other exposure to mechanical forces,Crush injury
1064.852,Foreign body in eyes,Crush injury
54770.62,Motor vehicle road injuries,Crush injury
49002.91,Other unintentional injuries,Crush injury
13264.78,Collective violence and legal intervention,Crush injury
60931.43,Pedestrian road injuries by road vehicle,Crush injury
10025.09,Exposure to forces of nature,Crush injury
2384.92,Assault by firearm,Crush injury
2418.911,Venomous animal contact,Crush injury
6591.721,Assault by other means,Crush injury
8389.076,Non-venomous animal contact,Crush injury
3880.331,Drowning,Crush injury
1012.814,Other road injuries,Crush injury
3323.476,Pulmonary aspiration and foreign body in airway,Injured nerves
4964.136,Venomous animal contact,Injured nerves
88825.61,Collective violence and legal intervention,Injured nerves
163365.1,Motor vehicle road injuries,Injured nerves
34432.26,Drowning,Injured nerves
23235.3,Foreign body in other body part,Injured nerves
61381.5,Self-harm,Injured nerves
30155.26,"Fire, heat, and hot substances",Injured nerves
913271,Falls,Injured nerves
118590.4,Pedestrian road injuries by road vehicle,Injured nerves
19808.72,Assault by firearm,Injured nerves
2458.461,Other road injuries,Injured nerves
3036.041,Unintentional suffocation,Injured nerves
10262.27,Foreign body in eyes,Injured nerves
63397.55,Other transport injuries,Injured nerves
39198.26,Assault by other means,Injured nerves
1272.441,Poisonings,Injured nerves
51220.05,Assault by sharp object,Injured nerves
24678.07,Unintentional firearm injuries,Injured nerves
24496.15,Cyclist road injuries,Injured nerves
25216.38,Exposure to forces of nature,Injured nerves
98089.38,Motorcyclist road injuries,Injured nerves
32427.47,Non-venomous animal contact,Injured nerves
793582.1,Other exposure to mechanical forces,Injured nerves
105459.9,Other unintentional injuries,Injured nerves
880.6068,Drowning,Injury to eyes (including foreign body eye)
27137.41,Assault by firearm,Injury to eyes (including foreign body eye)
2470.304,Exposure to forces of nature,Injury to eyes (including foreign body eye)
84488.15,Motor vehicle road injuries,Injury to eyes (including foreign body eye)
462.358,Pulmonary aspiration and foreign body in airway,Injury to eyes (including foreign body eye)
33297.77,Non-venomous animal contact,Injury to eyes (including foreign body eye)
407.4583,Other road injuries,Injury to eyes (including foreign body eye)
99907.98,Collective violence and legal intervention,Injury to eyes (including foreign body eye)
54055.27,Other transport injuries,Injury to eyes (including foreign body eye)
129735.9,Assault by other means,Injury to eyes (including foreign body eye)
657175.9,Foreign body in eyes,Injury to eyes (including foreign body eye)
19335.51,Pedestrian road injuries by road vehicle,Injury to eyes (including foreign body eye)
6919.993,Unintentional suffocation,Injury to eyes (including foreign body eye)
1051.517,Self-harm,Injury to eyes (including foreign body eye)
301053.8,Falls,Injury to eyes (including foreign body eye)
12825.61,Cyclist road injuries,Injury to eyes (including foreign body eye)
2388346,Other exposure to mechanical forces,Injury to eyes (including foreign body eye)
75041.57,Unintentional firearm injuries,Injury to eyes (including foreign body eye)
547008.5,"Fire, heat, and hot substances",Injury to eyes (including foreign body eye)
269476.9,Foreign body in other body part,Injury to eyes (including foreign body eye)
1941.675,Poisonings,Injury to eyes (including foreign body eye)
979432,Other unintentional injuries,Injury to eyes (including foreign body eye)
4371.979,Venomous animal contact,Injury to eyes (including foreign body eye)
8014.99,Motorcyclist road injuries,Injury to eyes (including foreign body eye)
24363.08,Assault by sharp object,Injury to eyes (including foreign body eye)
433087.5,Motorcyclist road injuries,Amputation of one lower limb
714521.1,Falls,Amputation of one lower limb
1270.655,Foreign body in eyes,Amputation of one lower limb
7606.942,Poisonings,Amputation of one lower limb
27524.27,Non-venomous animal contact,Amputation of one lower limb
30075.98,Venomous animal contact,Amputation of one lower limb
15493.32,Pulmonary aspiration and foreign body in airway,Amputation of one lower limb
165123.1,Other unintentional injuries,Amputation of one lower limb
338743.7,Other exposure to mechanical forces,Amputation of one lower limb
31499.43,Cyclist road injuries,Amputation of one lower limb
14668.04,Assault by firearm,Amputation of one lower limb
472547.1,Collective violence and legal intervention,Amputation of one lower limb
182150.2,Drowning,Amputation of one lower limb
0.1242199,Unintentional suffocation,Amputation of one lower limb
132267.6,Self-harm,Amputation of one lower limb
63579,Assault by sharp object,Amputation of one lower limb
47360.46,Exposure to forces of nature,Amputation of one lower limb
953717,Other transport injuries,Amputation of one lower limb
11209.77,Unintentional firearm injuries,Amputation of one lower limb
184510.7,"Fire, heat, and hot substances",Amputation of one lower limb
123916.4,Assault by other means,Amputation of one lower limb
1587.758,Foreign body in other body part,Amputation of one lower limb
461475,Pedestrian road injuries by road vehicle,Amputation of one lower limb
130088,Motor vehicle road injuries,Amputation of one lower limb
4525.345,Other road injuries,Amputation of one lower limb
1.88E+07,Falls,Open wound
2753098,Self-harm,Open wound
1774691,"Fire, heat, and hot substances",Open wound
396303.2,Drowning,Open wound
105387,Unintentional suffocation,Open wound
4589363,Motorcyclist road injuries,Open wound
727693.2,Exposure to forces of nature,Open wound
1853590,Assault by firearm,Open wound
3699901,Assault by sharp object,Open wound
57694.94,Poisonings,Open wound
1902673,Foreign body in other body part,Open wound
188426.5,Foreign body in eyes,Open wound
663699.4,Venomous animal contact,Open wound
1.94E+07,Other exposure to mechanical forces,Open wound
2476348,Assault by other means,Open wound
62705.64,Pulmonary aspiration and foreign body in airway,Open wound
120974.1,Other road injuries,Open wound
6302920,Non-venomous animal contact,Open wound
1733124,Unintentional firearm injuries,Open wound
2020155,Other transport injuries,Open wound
2871244,Other unintentional injuries,Open wound
6952732,Collective violence and legal intervention,Open wound
1461338,Cyclist road injuries,Open wound
3906977,Pedestrian road injuries by road vehicle,Open wound
5164628,Motor vehicle road injuries,Open wound
99614.44,Non-venomous animal contact,Poisoning
1401.469,Cyclist road injuries,Poisoning
181301.7,Collective violence and legal intervention,Poisoning
2322.687,Unintentional firearm injuries,Poisoning
179.549,Other road injuries,Poisoning
44461.07,Exposure to forces of nature,Poisoning
690.0165,Foreign body in eyes,Poisoning
1696.162,Assault by firearm,Poisoning
527184.6,Venomous animal contact,Poisoning
31639.35,Drowning,Poisoning
31496.16,Other exposure to mechanical forces,Poisoning
59291.92,Other unintentional injuries,Poisoning
8126.789,Foreign body in other body part,Poisoning
7508.224,Assault by sharp object,Poisoning
147256.8,Falls,Poisoning
31658.27,Pedestrian road injuries by road vehicle,Poisoning
32450.27,Other transport injuries,Poisoning
34591.88,Assault by other means,Poisoning
1918.65,Unintentional suffocation,Poisoning
3858.909,Motor vehicle road injuries,Poisoning
387615.8,Poisonings,Poisoning
19856.55,Pulmonary aspiration and foreign body in airway,Poisoning
3329.641,Motorcyclist road injuries,Poisoning
99014.21,"Fire, heat, and hot substances",Poisoning
625013.1,Self-harm,Poisoning
12029.61,"Fire, heat, and hot substances",Severe chest Injury
72959.11,Collective violence and legal intervention,Severe chest Injury
8971.489,Non-venomous animal contact,Severe chest Injury
17064.89,Self-harm,Severe chest Injury
54448.2,Motorcyclist road injuries,Severe chest Injury
2769.039,Pulmonary aspiration and foreign body in airway,Severe chest Injury
49424,Assault by sharp object,Severe chest Injury
297324.4,Falls,Severe chest Injury
8547.388,Foreign body in other body part,Severe chest Injury
49783.01,Other unintentional injuries,Severe chest Injury
2602.92,Exposure to forces of nature,Severe chest Injury
53788.64,Pedestrian road injuries by road vehicle,Severe chest Injury
22603.49,Assault by firearm,Severe chest Injury
14556.67,Unintentional firearm injuries,Severe chest Injury
1738.465,Unintentional suffocation,Severe chest Injury
22856.65,Assault by other means,Severe chest Injury
17265.78,Cyclist road injuries,Severe chest Injury
167093.5,Motor vehicle road injuries,Severe chest Injury
3277.378,Venomous animal contact,Severe chest Injury
38389.19,Other transport injuries,Severe chest Injury
783.9185,Poisonings,Severe chest Injury
4142.569,Drowning,Severe chest Injury
898.5042,Foreign body in eyes,Severe chest Injury
99096.75,Other exposure to mechanical forces,Severe chest Injury
3795.174,Other road injuries,Severe chest Injury
85930.85,Foreign body in eyes,Internal hemorrhage in abdomen or pelvis
66079.7,Exposure to forces of nature,Internal hemorrhage in abdomen or pelvis
571169.5,Motorcyclist road injuries,Internal hemorrhage in abdomen or pelvis
388310.9,Other transport injuries,Internal hemorrhage in abdomen or pelvis
855959.7,Pedestrian road injuries by road vehicle,Internal hemorrhage in abdomen or pelvis
29299.19,Poisonings,Internal hemorrhage in abdomen or pelvis
1557005,"Fire, heat, and hot substances",Internal hemorrhage in abdomen or pelvis
181966.7,Assault by firearm,Internal hemorrhage in abdomen or pelvis
1458632,Other unintentional injuries,Internal hemorrhage in abdomen or pelvis
13396.55,Other road injuries,Internal hemorrhage in abdomen or pelvis
3142334,Other exposure to mechanical forces,Internal hemorrhage in abdomen or pelvis
300264.8,Assault by sharp object,Internal hemorrhage in abdomen or pelvis
184753.3,Assault by other means,Internal hemorrhage in abdomen or pelvis
103576.9,Self-harm,Internal hemorrhage in abdomen or pelvis
181384.8,Non-venomous animal contact,Internal hemorrhage in abdomen or pelvis
33296,Unintentional suffocation,Internal hemorrhage in abdomen or pelvis
39309.1,Drowning,Internal hemorrhage in abdomen or pelvis
121681.3,Unintentional firearm injuries,Internal hemorrhage in abdomen or pelvis
716268.1,Collective violence and legal intervention,Internal hemorrhage in abdomen or pelvis
534682.6,Foreign body in other body part,Internal hemorrhage in abdomen or pelvis
2056539,Falls,Internal hemorrhage in abdomen or pelvis
123093.4,Cyclist road injuries,Internal hemorrhage in abdomen or pelvis
138502.7,Venomous animal contact,Internal hemorrhage in abdomen or pelvis
17482.47,Pulmonary aspiration and foreign body in airway,Internal hemorrhage in abdomen or pelvis
1017405,Motor vehicle road injuries,Internal hemorrhage in abdomen or pelvis
31910.86,Unintentional firearm injuries,Contusion
1.33E+07,Falls,Contusion
41757.54,Other road injuries,Contusion
53998.21,Drowning,Contusion
190861.8,Self-harm,Contusion
58692.61,Unintentional suffocation,Contusion
602715.4,Motorcyclist road injuries,Contusion
355269,Cyclist road injuries,Contusion
254147.3,Non-venomous animal contact,Contusion
343261.3,Collective violence and legal intervention,Contusion
930644.9,Pedestrian road injuries by road vehicle,Contusion
844196.4,Assault by other means,Contusion
46559.41,Assault by firearm,Contusion
12652.54,Pulmonary aspiration and foreign body in airway,Contusion
51302.17,Foreign body in eyes,Contusion
4563816,Other exposure to mechanical forces,Contusion
657799.1,Other unintentional injuries,Contusion
27814.63,Poisonings,Contusion
3031340,Motor vehicle road injuries,Contusion
63891.19,Assault by sharp object,Contusion
184840.7,"Fire, heat, and hot substances",Contusion
31022.45,Venomous animal contact,Contusion
580277.1,Other transport injuries,Contusion
109066.6,Foreign body in other body part,Contusion
44024.44,Exposure to forces of nature,Contusion
7247,Assault by sharp object,"Environmental factors (e.g. temperature, pressure, electricity)"
61597.96,Pedestrian road injuries by road vehicle,"Environmental factors (e.g. temperature, pressure, electricity)"
43306.07,Other exposure to mechanical forces,"Environmental factors (e.g. temperature, pressure, electricity)"
332429.1,Falls,"Environmental factors (e.g. temperature, pressure, electricity)"
5175.925,Cyclist road injuries,"Environmental factors (e.g. temperature, pressure, electricity)"
9431.995,Foreign body in other body part,"Environmental factors (e.g. temperature, pressure, electricity)"
17590.11,Venomous animal contact,"Environmental factors (e.g. temperature, pressure, electricity)"
76926.88,Self-harm,"Environmental factors (e.g. temperature, pressure, electricity)"
519192.2,Other unintentional injuries,"Environmental factors (e.g. temperature, pressure, electricity)"
122741,Collective violence and legal intervention,"Environmental factors (e.g. temperature, pressure, electricity)"
9971.345,Non-venomous animal contact,"Environmental factors (e.g. temperature, pressure, electricity)"
710662.4,"Fire, heat, and hot substances","Environmental factors (e.g. temperature, pressure, electricity)"
14099.45,Unintentional suffocation,"Environmental factors (e.g. temperature, pressure, electricity)"
5900.295,Assault by firearm,"Environmental factors (e.g. temperature, pressure, electricity)"
43505.25,Assault by other means,"Environmental factors (e.g. temperature, pressure, electricity)"
27053.46,Unintentional firearm injuries,"Environmental factors (e.g. temperature, pressure, electricity)"
4887863,Exposure to forces of nature,"Environmental factors (e.g. temperature, pressure, electricity)"
53789.78,Other transport injuries,"Environmental factors (e.g. temperature, pressure, electricity)"
24107.36,Motorcyclist road injuries,"Environmental factors (e.g. temperature, pressure, electricity)"
1437718,Drowning,"Environmental factors (e.g. temperature, pressure, electricity)"
2763.5,Foreign body in eyes,"Environmental factors (e.g. temperature, pressure, electricity)"
379.4129,Other road injuries,"Environmental factors (e.g. temperature, pressure, electricity)"
55703.98,Motor vehicle road injuries,"Environmental factors (e.g. temperature, pressure, electricity)"
21688.12,Poisonings,"Environmental factors (e.g. temperature, pressure, electricity)"
9184.632,Pulmonary aspiration and foreign body in airway,"Environmental factors (e.g. temperature, pressure, electricity)"
289.9284,Assault by firearm,Complications of medical treatment
556.2916,Assault by sharp object,Complications of medical treatment
1751.86,Exposure to forces of nature,Complications of medical treatment
712.1115,Cyclist road injuries,Complications of medical treatment
2215.912,Foreign body in other body part,Complications of medical treatment
525.9827,Non-venomous animal contact,Complications of medical treatment
2148.954,Self-harm,Complications of medical treatment
902.9155,Pulmonary aspiration and foreign body in airway,Complications of medical treatment
20088.65,Other unintentional injuries,Complications of medical treatment
6350.8,Other exposure to mechanical forces,Complications of medical treatment
28.06226,Unintentional suffocation,Complications of medical treatment
2187.249,Motor vehicle road injuries,Complications of medical treatment
1734.905,Assault by other means,Complications of medical treatment
722.8074,Venomous animal contact,Complications of medical treatment
13401.66,Other transport injuries,Complications of medical treatment
78.58489,Other road injuries,Complications of medical treatment
34954.98,Collective violence and legal intervention,Complications of medical treatment
455.6465,Poisonings,Complications of medical treatment
7650.203,Foreign body in eyes,Complications of medical treatment
42177.44,Falls,Complications of medical treatment
4376.507,"Fire, heat, and hot substances",Complications of medical treatment
2968.302,Motorcyclist road injuries,Complications of medical treatment
8375.518,Pedestrian road injuries by road vehicle,Complications of medical treatment
1506113,Adverse effects of medical treatment,Complications of medical treatment
416.0555,Unintentional firearm injuries,Complications of medical treatment
1769.898,Drowning,Complications of medical treatment
59655.08,Cyclist road injuries,Superficial injury
30753.85,"Fire, heat, and hot substances",Superficial injury
511230.2,Motor vehicle road injuries,Superficial injury
187.8148,Pulmonary aspiration and foreign body in airway,Superficial injury
11950.69,Foreign body in other body part,Superficial injury
13223.35,Unintentional suffocation,Superficial injury
688.6371,Poisonings,Superficial injury
583.1962,Foreign body in eyes,Superficial injury
389295.5,Other unintentional injuries,Superficial injury
72707.35,Motorcyclist road injuries,Superficial injury
150496.1,Assault by other means,Superficial injury
831961.5,Falls,Superficial injury
121335.7,Pedestrian road injuries by road vehicle,Superficial injury
12212.87,Unintentional firearm injuries,Superficial injury
21703.39,Assault by firearm,Superficial injury
33630.05,Assault by sharp object,Superficial injury
1308.25,Drowning,Superficial injury
21122.03,Venomous animal contact,Superficial injury
3362.334,Self-harm,Superficial injury
205521.5,Collective violence and legal intervention,Superficial injury
3872.478,Exposure to forces of nature,Superficial injury
35052.96,Other transport injuries,Superficial injury
1626585,Other exposure to mechanical forces,Superficial injury
84073.34,Non-venomous animal contact,Superficial injury
3461.544,Other road injuries,Superficial injury
114666.2,"Fire, heat, and hot substances",Multiple significant injuries
28478.15,Unintentional firearm injuries,Multiple significant injuries
5362.405,Foreign body in eyes,Multiple significant injuries
116906.6,Exposure to forces of nature,Multiple significant injuries
704315.9,Assault by other means,Multiple significant injuries
610044.6,Other transport injuries,Multiple significant injuries
2.868742,Unintentional suffocation,Multiple significant injuries
53827.09,Other road injuries,Multiple significant injuries
16531.08,Foreign body in other body part,Multiple significant injuries
5169597,Motor vehicle road injuries,Multiple significant injuries
139828.5,Non-venomous animal contact,Multiple significant injuries
775779.5,Other exposure to mechanical forces,Multiple significant injuries
463382.5,Cyclist road injuries,Multiple significant injuries
73786.48,Venomous animal contact,Multiple significant injuries
7238644,Collective violence and legal intervention,Multiple significant injuries
1941769,Motorcyclist road injuries,Multiple significant injuries
269851.3,Other unintentional injuries,Multiple significant injuries
63464.59,Self-harm,Multiple significant injuries
5494.876,Poisonings,Multiple significant injuries
2871913,Pedestrian road injuries by road vehicle,Multiple significant injuries
79032.46,Assault by firearm,Multiple significant injuries
51007.99,Drowning,Multiple significant injuries
137325.4,Assault by sharp object,Multiple significant injuries
4569451,Falls,Multiple significant injuries
18581.73,Pulmonary aspiration and foreign body in airway,Multiple significant injuries
1423.049,Venomous animal contact,Amputation of one upper limb
4038.898,Drowning,Amputation of one upper limb
12904.66,Assault by sharp object,Amputation of one upper limb
66858.2,Pedestrian road injuries by road vehicle,Amputation of one upper limb
25320.77,"Fire, heat, and hot substances",Amputation of one upper limb
58468.82,Collective violence and legal intervention,Amputation of one upper limb
2305.935,Foreign body in other body part,Amputation of one upper limb
1173.521,Other road injuries,Amputation of one upper limb
96524.59,Falls,Amputation of one upper limb
13105.25,Self-harm,Amputation of one upper limb
3355.982,Cyclist road injuries,Amputation of one upper limb
267027,Other exposure to mechanical forces,Amputation of one upper limb
372179.4,Other transport injuries,Amputation of one upper limb
3207.179,Unintentional firearm injuries,Amputation of one upper limb
42116.52,Motorcyclist road injuries,Amputation of one upper limb
3729.32,Assault by other means,Amputation of one upper limb
57657.99,Other unintentional injuries,Amputation of one upper limb
9579.803,Non-venomous animal contact,Amputation of one upper limb
2483.888,Exposure to forces of nature,Amputation of one upper limb
1238.368,Poisonings,Amputation of one upper limb
271.9025,Pulmonary aspiration and foreign body in airway,Amputation of one upper limb
0.8537245,Unintentional suffocation,Amputation of one upper limb
2107.526,Assault by firearm,Amputation of one upper limb
102569.4,Motor vehicle road injuries,Amputation of one upper limb
46652.65,Motor vehicle road injuries,Amputation of thumb
9005.847,Venomous animal contact,Amputation of thumb
31108.26,Collective violence and legal intervention,Amputation of thumb
955790.6,Exposure to forces of nature,Amputation of thumb
86577.62,Other unintentional injuries,Amputation of thumb
5337.19,Poisonings,Amputation of thumb
17790.13,Assault by sharp object,Amputation of thumb
46474.98,Other transport injuries,Amputation of thumb
2138.077,Other road injuries,Amputation of thumb
3986.471,Foreign body in other body part,Amputation of thumb
241168.2,Falls,Amputation of thumb
60941.86,"Fire, heat, and hot substances",Amputation of thumb
1013482,Other exposure to mechanical forces,Amputation of thumb
40888.32,Motorcyclist road injuries,Amputation of thumb
24595.81,Self-harm,Amputation of thumb
0.2690401,Unintentional suffocation,Amputation of thumb
10451.86,Assault by other means,Amputation of thumb
6642.653,Cyclist road injuries,Amputation of thumb
1238.173,Pulmonary aspiration and foreign body in airway,Amputation of thumb
2569.167,Assault by firearm,Amputation of thumb
44049.53,Non-venomous animal contact,Amputation of thumb
10016.71,Unintentional firearm injuries,Amputation of thumb
3668.626,Drowning,Amputation of thumb
42601.63,Pedestrian road injuries by road vehicle,Amputation of thumb
249199.7,Falls,Amputation of toe
23207.22,Assault by sharp object,Amputation of toe
14164.32,Self-harm,Amputation of toe
11649.93,Exposure to forces of nature,Amputation of toe
21859.89,Assault by other means,Amputation of toe
2696.075,Assault by firearm,Amputation of toe
291869.3,Other transport injuries,Amputation of toe
13030.44,Non-venomous animal contact,Amputation of toe
1724.539,Pulmonary aspiration and foreign body in airway,Amputation of toe
327887,Collective violence and legal intervention,Amputation of toe
34527.03,"Fire, heat, and hot substances",Amputation of toe
78364.85,Pedestrian road injuries by road vehicle,Amputation of toe
2789.442,Drowning,Amputation of toe
5346.587,Venomous animal contact,Amputation of toe
1299.062,Other road injuries,Amputation of toe
42937.98,Motor vehicle road injuries,Amputation of toe
166465,Motorcyclist road injuries,Amputation of toe
42251.28,Cyclist road injuries,Amputation of toe
429662.6,Other exposure to mechanical forces,Amputation of toe
30482.95,Other unintentional injuries,Amputation of toe
2102.458,Foreign body in other body part,Amputation of toe
6744.319,Unintentional firearm injuries,Amputation of toe
620.025,Poisonings,Amputation of toe
24008.29,Non-venomous animal contact,Burns with <20% total burned surface area
98247.37,Drowning,Burns with <20% total burned surface area
35712.57,Assault by sharp object,Burns with <20% total burned surface area
333029.9,Motorcyclist road injuries,Burns with <20% total burned surface area
1601333,Other exposure to mechanical forces,Burns with <20% total burned surface area
793368.3,Other transport injuries,Burns with <20% total burned surface area
1050500,Falls,Burns with <20% total burned surface area
28973.06,Cyclist road injuries,Burns with <20% total burned surface area
2.26E+07,"Fire, heat, and hot substances",Burns with <20% total burned surface area
46739.02,Unintentional firearm injuries,Burns with <20% total burned surface area
3991.902,Other road injuries,Burns with <20% total burned surface area
9190.588,Unintentional suffocation,Burns with <20% total burned surface area
19592.64,Assault by firearm,Burns with <20% total burned surface area
149080.3,Poisonings,Burns with <20% total burned surface area
594609,Assault by other means,Burns with <20% total burned surface area
60245.75,Foreign body in other body part,Burns with <20% total burned surface area
18418.87,Pulmonary aspiration and foreign body in airway,Burns with <20% total burned surface area
4469348,Exposure to forces of nature,Burns with <20% total burned surface area
71346.17,Venomous animal contact,Burns with <20% total burned surface area
183520.9,Self-harm,Burns with <20% total burned surface area
1751156,Collective violence and legal intervention,Burns with <20% total burned surface area
2363996,Other unintentional injuries,Burns with <20% total burned surface area
296270.9,Motor vehicle road injuries,Burns with <20% total burned surface area
9501.286,Foreign body in eyes,Burns with <20% total burned surface area
311534.7,Pedestrian road injuries by road vehicle,Burns with <20% total burned surface area
23945.18,Assault by other means,Burns with >=20% total burned surface area or >=10% if burns include face and/or hands
26280.34,Motorcyclist road injuries,Burns with >=20% total burned surface area or >=10% if burns include face and/or hands
1135002,"Fire, heat, and hot substances",Burns with >=20% total burned surface area or >=10% if burns include face and/or hands
6957.458,Other transport injuries,Burns with >=20% total burned surface area or >=10% if burns include face and/or hands
4021.855,Drowning,Burns with >=20% total burned surface area or >=10% if burns include face and/or hands
2138.754,Non-venomous animal contact,Burns with >=20% total burned surface area or >=10% if burns include face and/or hands
77891.08,Exposure to forces of nature,Burns with >=20% total burned surface area or >=10% if burns include face and/or hands
0.0118612,Unintentional suffocation,Burns with >=20% total burned surface area or >=10% if burns include face and/or hands
1342.803,Unintentional firearm injuries,Burns with >=20% total burned surface area or >=10% if burns include face and/or hands
21058.42,Motor vehicle road injuries,Burns with >=20% total burned surface area or >=10% if burns include face and/or hands
448.4074,Assault by firearm,Burns with >=20% total burned surface area or >=10% if burns include face and/or hands
1235.01,Pulmonary aspiration and foreign body in airway,Burns with >=20% total burned surface area or >=10% if burns include face and/or hands
59477.16,Other exposure to mechanical forces,Burns with >=20% total burned surface area or >=10% if burns include face and/or hands
83217.76,Other unintentional injuries,Burns with >=20% total burned surface area or >=10% if burns include face and/or hands
935.2366,Foreign body in eyes,Burns with >=20% total burned surface area or >=10% if burns include face and/or hands
459.7281,Foreign body in other body part,Burns with >=20% total burned surface area or >=10% if burns include face and/or hands
15325.56,Cyclist road injuries,Burns with >=20% total burned surface area or >=10% if burns include face and/or hands
24120.82,Self-harm,Burns with >=20% total burned surface area or >=10% if burns include face and/or hands
55198.43,Falls,Burns with >=20% total burned surface area or >=10% if burns include face and/or hands
1998.842,Poisonings,Burns with >=20% total burned surface area or >=10% if burns include face and/or hands
21106.3,Pedestrian road injuries by road vehicle,Burns with >=20% total burned surface area or >=10% if burns include face and/or hands
1245.408,Assault by sharp object,Burns with >=20% total burned surface area or >=10% if burns include face and/or hands
5963.255,Venomous animal contact,Burns with >=20% total burned surface area or >=10% if burns include face and/or hands
515.2682,Other road injuries,Burns with >=20% total burned surface area or >=10% if burns include face and/or hands
42335.73,Collective violence and legal intervention,Burns with >=20% total burned surface area or >=10% if burns include face and/or hands
